ticker,company,group,first_quarter,last_quarter,n_quarters,revenue_coverage,cfo_coverage,ar_coverage,quarters_with_restatement
AAPL,Apple Inc.,control,2013-12-28,2026-06-27,51,1.0,1.0,1.0,4
ADBE,ADOBE INC.,control,2014-02-28,2026-08-28,51,1.0,1.0,1.0,4
CAT,CATERPILLAR INC,control,2014-03-31,2026-06-30,50,1.0,1.0,1.0,10
COST,COSTCO WHOLESALE CORP /NEW,control,2013-11-24,2026-05-10,51,1.0,1.0,1.0,2
CSCO,"CISCO SYSTEMS, INC.",control,2013-10-26,2026-07-25,52,1.0,1.0,1.0,0
HD,"HOME DEPOT, INC.",control,2013-05-05,2026-08-02,54,1.0,1.0,1.0,14
HON,HONEYWELL INTERNATIONAL INC,control,2014-03-31,2026-06-30,50,1.0,1.0,1.0,25
INTC,INTEL CORP,control,2014-03-29,2026-06-27,50,1.0,1.0,1.0,14
JNJ,JOHNSON & JOHNSON,control,2014-03-30,2026-06-28,50,1.0,1.0,1.0,16
KHC,Kraft Heinz Co,reference,2014-03-30,2026-06-27,50,1.0,0.96,0.92,14
KO,COCA COLA CO,control,2014-03-28,2026-04-03,49,1.0,1.0,1.0,9
LOW,LOWES COMPANIES INC,control,2013-05-03,2026-07-31,54,1.0,1.0,0.14814814814814814,7
MAT,MATTEL INC /DE/,reference,2014-03-31,2026-06-30,50,1.0,0.98,1.0,13
MCD,MCDONALDS CORP,control,2014-03-31,2026-06-30,50,1.0,1.0,1.0,6
MDXG,"MIMEDX GROUP, INC.",reference,2014-03-31,2026-06-30,50,1.0,1.0,0.88,11
MMM,3M CO,control,2014-03-31,2026-06-30,50,1.0,1.0,1.0,15
MSFT,MICROSOFT CORP,control,2013-09-30,2026-06-30,52,1.0,1.0,1.0,8
NKE,"NIKE, Inc.",control,2013-08-31,2026-05-31,52,1.0,1.0,1.0,9
ORCL,ORACLE CORP,control,2013-08-31,2026-08-31,53,0.9056603773584906,1.0,1.0,12
PEP,PEPSICO INC,control,2014-03-22,2026-06-13,50,1.0,1.0,1.0,14
PG,PROCTER & GAMBLE Co,control,2013-09-30,2026-06-30,52,1.0,1.0,1.0,12
PLUG,PLUG POWER INC,reference,2014-03-31,2026-06-30,50,1.0,1.0,0.3,16
SMCI,"Super Micro Computer, Inc.",reference,2013-09-30,2026-06-30,52,1.0,1.0,0.9423076923076923,11
TGT,TARGET CORP,control,2013-05-04,2026-08-01,54,1.0,1.0,0.12962962962962962,23
UAA,"Under Armour, Inc.",reference,2013-06-30,2026-06-30,53,1.0,1.0,1.0,18
WMT,Walmart Inc.,control,2013-04-30,2026-07-31,54,1.0,1.0,1.0,2
